focal,plants.i,plants.j,seeds.i,seeds.j,time,biomass,fecundity
i,2,8,NA,NA,1,83.61737,473
i,2,8,NA,NA,1,83.61737,466
i,2,8,NA,NA,1,83.61737,489
i,2,8,NA,NA,1,83.61737,461
i,2,8,NA,NA,1,83.61737,430
i,2,8,NA,NA,1,83.61737,443
i,2,8,NA,NA,1,83.61737,463
i,2,8,NA,NA,1,83.61737,451
i,2,8,NA,NA,1,83.61737,449
i,2,8,NA,NA,1,83.61737,423
i,10,0,NA,NA,2,98.99997,139
i,10,0,NA,NA,2,98.99997,103
i,10,0,NA,NA,2,98.99997,111
i,10,0,NA,NA,2,98.99997,119
i,10,0,NA,NA,2,98.99997,124
i,10,0,NA,NA,2,98.99997,133
i,10,0,NA,NA,2,98.99997,112
i,10,0,NA,NA,2,98.99997,129
i,10,0,NA,NA,2,98.99997,112
i,10,0,NA,NA,2,98.99997,96
i,7,5,NA,NA,3,85.50761,171
i,7,5,NA,NA,3,85.50761,145
i,7,5,NA,NA,3,85.50761,178
i,7,5,NA,NA,3,85.50761,156
i,7,5,NA,NA,3,85.50761,163
i,7,5,NA,NA,3,85.50761,155
i,7,5,NA,NA,3,85.50761,145
i,7,5,NA,NA,3,85.50761,165
i,7,5,NA,NA,3,85.50761,152
i,7,5,NA,NA,3,85.50761,150
i,2,5,NA,NA,4,85.50658,616
i,2,5,NA,NA,4,85.50658,667
i,2,5,NA,NA,4,85.50658,631
i,2,5,NA,NA,4,85.50658,682
i,2,5,NA,NA,4,85.50658,637
i,2,5,NA,NA,4,85.50658,620
i,2,5,NA,NA,4,85.50658,640
i,2,5,NA,NA,4,85.50658,635
i,2,5,NA,NA,4,85.50658,676
i,2,5,NA,NA,4,85.50658,638
i,3,3,NA,NA,5,85.50761,503
i,3,3,NA,NA,5,85.50761,496
i,3,3,NA,NA,5,85.50761,442
i,3,3,NA,NA,5,85.50761,476
i,3,3,NA,NA,5,85.50761,478
i,3,3,NA,NA,5,85.50761,460
i,3,3,NA,NA,5,85.50761,459
i,3,3,NA,NA,5,85.50761,453
i,3,3,NA,NA,5,85.50761,460
i,3,3,NA,NA,5,85.50761,514
i,16,4,NA,NA,6,85.50795,101
i,16,4,NA,NA,6,85.50795,101
i,16,4,NA,NA,6,85.50795,106
i,16,4,NA,NA,6,85.50795,100
i,16,4,NA,NA,6,85.50795,93
i,16,4,NA,NA,6,85.50795,97
i,16,4,NA,NA,6,85.50795,99
i,16,4,NA,NA,6,85.50795,106
i,16,4,NA,NA,6,85.50795,95
i,16,4,NA,NA,6,85.50795,99
i,15,6,NA,NA,7,85.50761,110
i,15,6,NA,NA,7,85.50761,101
i,15,6,NA,NA,7,85.50761,113
i,15,6,NA,NA,7,85.50761,102
i,15,6,NA,NA,7,85.50761,117
i,15,6,NA,NA,7,85.50761,126
i,15,6,NA,NA,7,85.50761,106
i,15,6,NA,NA,7,85.50761,110
i,15,6,NA,NA,7,85.50761,108
i,15,6,NA,NA,7,85.50761,98
i,4,7,NA,NA,8,85.5077,467
i,4,7,NA,NA,8,85.5077,503
i,4,7,NA,NA,8,85.5077,435
i,4,7,NA,NA,8,85.5077,478
i,4,7,NA,NA,8,85.5077,470
i,4,7,NA,NA,8,85.5077,482
i,4,7,NA,NA,8,85.5077,469
i,4,7,NA,NA,8,85.5077,473
i,4,7,NA,NA,8,85.5077,481
i,4,7,NA,NA,8,85.5077,497
i,5,1,NA,NA,9,85.50152,416
i,5,1,NA,NA,9,85.50152,416
i,5,1,NA,NA,9,85.50152,429
i,5,1,NA,NA,9,85.50152,406
i,5,1,NA,NA,9,85.50152,451
i,5,1,NA,NA,9,85.50152,419
i,5,1,NA,NA,9,85.50152,417
i,5,1,NA,NA,9,85.50152,440
i,5,1,NA,NA,9,85.50152,410
i,5,1,NA,NA,9,85.50152,412
i,6,7,NA,NA,10,85.50771,387
i,6,7,NA,NA,10,85.50771,416
i,6,7,NA,NA,10,85.50771,392
i,6,7,NA,NA,10,85.50771,387
i,6,7,NA,NA,10,85.50771,394
i,6,7,NA,NA,10,85.50771,388
i,6,7,NA,NA,10,85.50771,390
i,6,7,NA,NA,10,85.50771,390
i,6,7,NA,NA,10,85.50771,368
i,6,7,NA,NA,10,85.50771,384
j,13,4,NA,NA,1,89.01586,244
j,13,4,NA,NA,1,89.01586,249
j,13,4,NA,NA,1,89.01586,255
j,13,4,NA,NA,1,89.01586,244
j,13,4,NA,NA,1,89.01586,244
j,13,4,NA,NA,1,89.01586,269
j,13,4,NA,NA,1,89.01586,277
j,13,4,NA,NA,1,89.01586,247
j,13,4,NA,NA,1,89.01586,263
j,13,4,NA,NA,1,89.01586,269
j,1,9,NA,NA,2,89.95014,131
j,1,9,NA,NA,2,89.95014,119
j,1,9,NA,NA,2,89.95014,139
j,1,9,NA,NA,2,89.95014,136
j,1,9,NA,NA,2,89.95014,131
j,1,9,NA,NA,2,89.95014,145
j,1,9,NA,NA,2,89.95014,143
j,1,9,NA,NA,2,89.95014,145
j,1,9,NA,NA,2,89.95014,135
j,1,9,NA,NA,2,89.95014,133
j,1,0,NA,NA,3,0,NA
j,1,0,NA,NA,3,0,NA
j,1,0,NA,NA,3,0,NA
j,1,0,NA,NA,3,0,NA
j,1,0,NA,NA,3,0,NA
j,1,0,NA,NA,3,0,NA
j,1,0,NA,NA,3,0,NA
j,1,0,NA,NA,3,0,NA
j,1,0,NA,NA,3,0,NA
j,1,0,NA,NA,3,0,NA
j,7,5,NA,NA,4,89.9496,323
j,7,5,NA,NA,4,89.9496,340
j,7,5,NA,NA,4,89.9496,347
j,7,5,NA,NA,4,89.9496,307
j,7,5,NA,NA,4,89.9496,311
j,7,5,NA,NA,4,89.9496,305
j,7,5,NA,NA,4,89.9496,342
j,7,5,NA,NA,4,89.9496,325
j,7,5,NA,NA,4,89.9496,334
j,7,5,NA,NA,4,89.9496,347
j,2,4,NA,NA,5,89.95794,506
j,2,4,NA,NA,5,89.95794,521
j,2,4,NA,NA,5,89.95794,452
j,2,4,NA,NA,5,89.95794,489
j,2,4,NA,NA,5,89.95794,480
j,2,4,NA,NA,5,89.95794,475
j,2,4,NA,NA,5,89.95794,487
j,2,4,NA,NA,5,89.95794,490
j,2,4,NA,NA,5,89.95794,477
j,2,4,NA,NA,5,89.95794,461
j,9,8,NA,NA,6,89.94861,266
j,9,8,NA,NA,6,89.94861,265
j,9,8,NA,NA,6,89.94861,271
j,9,8,NA,NA,6,89.94861,277
j,9,8,NA,NA,6,89.94861,299
j,9,8,NA,NA,6,89.94861,272
j,9,8,NA,NA,6,89.94861,290
j,9,8,NA,NA,6,89.94861,307
j,9,8,NA,NA,6,89.94861,287
j,9,8,NA,NA,6,89.94861,305
j,1,4,NA,NA,7,89.94974,620
j,1,4,NA,NA,7,89.94974,593
j,1,4,NA,NA,7,89.94974,595
j,1,4,NA,NA,7,89.94974,652
j,1,4,NA,NA,7,89.94974,723
j,1,4,NA,NA,7,89.94974,623
j,1,4,NA,NA,7,89.94974,684
j,1,4,NA,NA,7,89.94974,599
j,1,4,NA,NA,7,89.94974,641
j,1,4,NA,NA,7,89.94974,637
j,1,7,NA,NA,8,89.95023,413
j,1,7,NA,NA,8,89.95023,428
j,1,7,NA,NA,8,89.95023,458
j,1,7,NA,NA,8,89.95023,438
j,1,7,NA,NA,8,89.95023,384
j,1,7,NA,NA,8,89.95023,429
j,1,7,NA,NA,8,89.95023,412
j,1,7,NA,NA,8,89.95023,423
j,1,7,NA,NA,8,89.95023,479
j,1,7,NA,NA,8,89.95023,445
j,9,10,NA,NA,9,89.94888,311
j,9,10,NA,NA,9,89.94888,344
j,9,10,NA,NA,9,89.94888,338
j,9,10,NA,NA,9,89.94888,344
j,9,10,NA,NA,9,89.94888,301
j,9,10,NA,NA,9,89.94888,338
j,9,10,NA,NA,9,89.94888,368
j,9,10,NA,NA,9,89.94888,349
j,9,10,NA,NA,9,89.94888,341
j,9,10,NA,NA,9,89.94888,369
j,3,2,NA,NA,10,89.94914,2105
j,3,2,NA,NA,10,89.94914,1978
j,3,2,NA,NA,10,89.94914,2050
j,3,2,NA,NA,10,89.94914,2036
j,3,2,NA,NA,10,89.94914,1953
j,3,2,NA,NA,10,89.94914,2049
j,3,2,NA,NA,10,89.94914,2057
j,3,2,NA,NA,10,89.94914,1965
j,3,2,NA,NA,10,89.94914,2057
j,3,2,NA,NA,10,89.94914,2050
i,5,9,NA,NA,1,84.90798,205
i,5,9,NA,NA,1,84.90798,190
i,5,9,NA,NA,1,84.90798,208
i,5,9,NA,NA,1,84.90798,193
i,5,9,NA,NA,1,84.90798,189
i,5,9,NA,NA,1,84.90798,167
i,5,9,NA,NA,1,84.90798,185
i,5,9,NA,NA,1,84.90798,176
i,5,9,NA,NA,1,84.90798,210
i,5,9,NA,NA,1,84.90798,172
i,2,0,NA,NA,2,98.99993,579
i,2,0,NA,NA,2,98.99993,575
i,2,0,NA,NA,2,98.99993,569
i,2,0,NA,NA,2,98.99993,615
i,2,0,NA,NA,2,98.99993,666
i,2,0,NA,NA,2,98.99993,621
i,2,0,NA,NA,2,98.99993,612
i,2,0,NA,NA,2,98.99993,602
i,2,0,NA,NA,2,98.99993,598
i,2,0,NA,NA,2,98.99993,622
i,9,9,NA,NA,3,85.50762,118
i,9,9,NA,NA,3,85.50762,130
i,9,9,NA,NA,3,85.50762,134
i,9,9,NA,NA,3,85.50762,100
i,9,9,NA,NA,3,85.50762,129
i,9,9,NA,NA,3,85.50762,141
i,9,9,NA,NA,3,85.50762,135
i,9,9,NA,NA,3,85.50762,138
i,9,9,NA,NA,3,85.50762,127
i,9,9,NA,NA,3,85.50762,118
i,3,2,NA,NA,4,85.50749,418
i,3,2,NA,NA,4,85.50749,406
i,3,2,NA,NA,4,85.50749,423
i,3,2,NA,NA,4,85.50749,417
i,3,2,NA,NA,4,85.50749,429
i,3,2,NA,NA,4,85.50749,397
i,3,2,NA,NA,4,85.50749,414
i,3,2,NA,NA,4,85.50749,416
i,3,2,NA,NA,4,85.50749,430
i,3,2,NA,NA,4,85.50749,438
i,1,8,NA,NA,5,85.50771,1377
i,1,8,NA,NA,5,85.50771,1450
i,1,8,NA,NA,5,85.50771,1374
i,1,8,NA,NA,5,85.50771,1344
i,1,8,NA,NA,5,85.50771,1433
i,1,8,NA,NA,5,85.50771,1333
i,1,8,NA,NA,5,85.50771,1417
i,1,8,NA,NA,5,85.50771,1474
i,1,8,NA,NA,5,85.50771,1373
i,1,8,NA,NA,5,85.50771,1450
i,1,2,NA,NA,6,85.50724,1557
i,1,2,NA,NA,6,85.50724,1600
i,1,2,NA,NA,6,85.50724,1599
i,1,2,NA,NA,6,85.50724,1600
i,1,2,NA,NA,6,85.50724,1528
i,1,2,NA,NA,6,85.50724,1515
i,1,2,NA,NA,6,85.50724,1591
i,1,2,NA,NA,6,85.50724,1479
i,1,2,NA,NA,6,85.50724,1645
i,1,2,NA,NA,6,85.50724,1572
i,7,4,NA,NA,7,85.50758,235
i,7,4,NA,NA,7,85.50758,254
i,7,4,NA,NA,7,85.50758,262
i,7,4,NA,NA,7,85.50758,244
i,7,4,NA,NA,7,85.50758,230
i,7,4,NA,NA,7,85.50758,279
i,7,4,NA,NA,7,85.50758,259
i,7,4,NA,NA,7,85.50758,237
i,7,4,NA,NA,7,85.50758,268
i,7,4,NA,NA,7,85.50758,220
i,4,3,NA,NA,8,85.50769,489
i,4,3,NA,NA,8,85.50769,462
i,4,3,NA,NA,8,85.50769,443
i,4,3,NA,NA,8,85.50769,487
i,4,3,NA,NA,8,85.50769,478
i,4,3,NA,NA,8,85.50769,492
i,4,3,NA,NA,8,85.50769,508
i,4,3,NA,NA,8,85.50769,504
i,4,3,NA,NA,8,85.50769,478
i,4,3,NA,NA,8,85.50769,451
i,12,1,NA,NA,9,85.50762,183
i,12,1,NA,NA,9,85.50762,175
i,12,1,NA,NA,9,85.50762,177
i,12,1,NA,NA,9,85.50762,163
i,12,1,NA,NA,9,85.50762,161
i,12,1,NA,NA,9,85.50762,188
i,12,1,NA,NA,9,85.50762,182
i,12,1,NA,NA,9,85.50762,194
i,12,1,NA,NA,9,85.50762,153
i,12,1,NA,NA,9,85.50762,167
i,10,12,NA,NA,10,85.50753,250
i,10,12,NA,NA,10,85.50753,218
i,10,12,NA,NA,10,85.50753,233
i,10,12,NA,NA,10,85.50753,214
i,10,12,NA,NA,10,85.50753,256
i,10,12,NA,NA,10,85.50753,241
i,10,12,NA,NA,10,85.50753,238
i,10,12,NA,NA,10,85.50753,214
i,10,12,NA,NA,10,85.50753,226
i,10,12,NA,NA,10,85.50753,243
j,5,5,NA,NA,1,89.49903,207
j,5,5,NA,NA,1,89.49903,212
j,5,5,NA,NA,1,89.49903,209
j,5,5,NA,NA,1,89.49903,220
j,5,5,NA,NA,1,89.49903,226
j,5,5,NA,NA,1,89.49903,215
j,5,5,NA,NA,1,89.49903,220
j,5,5,NA,NA,1,89.49903,234
j,5,5,NA,NA,1,89.49903,230
j,5,5,NA,NA,1,89.49903,192
j,8,2,NA,NA,2,89.94873,614
j,8,2,NA,NA,2,89.94873,557
j,8,2,NA,NA,2,89.94873,590
j,8,2,NA,NA,2,89.94873,588
j,8,2,NA,NA,2,89.94873,570
j,8,2,NA,NA,2,89.94873,626
j,8,2,NA,NA,2,89.94873,596
j,8,2,NA,NA,2,89.94873,616
j,8,2,NA,NA,2,89.94873,601
j,8,2,NA,NA,2,89.94873,624
j,7,2,NA,NA,3,89.9492,694
j,7,2,NA,NA,3,89.9492,724
j,7,2,NA,NA,3,89.9492,691
j,7,2,NA,NA,3,89.9492,739
j,7,2,NA,NA,3,89.9492,694
j,7,2,NA,NA,3,89.9492,733
j,7,2,NA,NA,3,89.9492,703
j,7,2,NA,NA,3,89.9492,712
j,7,2,NA,NA,3,89.9492,741
j,7,2,NA,NA,3,89.9492,661
j,1,9,NA,NA,4,89.94924,159
j,1,9,NA,NA,4,89.94924,185
j,1,9,NA,NA,4,89.94924,196
j,1,9,NA,NA,4,89.94924,187
j,1,9,NA,NA,4,89.94924,175
j,1,9,NA,NA,4,89.94924,169
j,1,9,NA,NA,4,89.94924,170
j,1,9,NA,NA,4,89.94924,180
j,1,9,NA,NA,4,89.94924,182
j,1,9,NA,NA,4,89.94924,164
j,9,0,NA,NA,5,0,NA
j,9,0,NA,NA,5,0,NA
j,9,0,NA,NA,5,0,NA
j,9,0,NA,NA,5,0,NA
j,9,0,NA,NA,5,0,NA
j,9,0,NA,NA,5,0,NA
j,9,0,NA,NA,5,0,NA
j,9,0,NA,NA,5,0,NA
j,9,0,NA,NA,5,0,NA
j,9,0,NA,NA,5,0,NA
j,7,5,NA,NA,6,89.94923,435
j,7,5,NA,NA,6,89.94923,456
j,7,5,NA,NA,6,89.94923,446
j,7,5,NA,NA,6,89.94923,449
j,7,5,NA,NA,6,89.94923,462
j,7,5,NA,NA,6,89.94923,435
j,7,5,NA,NA,6,89.94923,434
j,7,5,NA,NA,6,89.94923,456
j,7,5,NA,NA,6,89.94923,442
j,7,5,NA,NA,6,89.94923,465
j,8,10,NA,NA,7,89.94889,254
j,8,10,NA,NA,7,89.94889,248
j,8,10,NA,NA,7,89.94889,250
j,8,10,NA,NA,7,89.94889,273
j,8,10,NA,NA,7,89.94889,257
j,8,10,NA,NA,7,89.94889,252
j,8,10,NA,NA,7,89.94889,251
j,8,10,NA,NA,7,89.94889,248
j,8,10,NA,NA,7,89.94889,242
j,8,10,NA,NA,7,89.94889,296
j,3,2,NA,NA,8,89.94859,1508
j,3,2,NA,NA,8,89.94859,1469
j,3,2,NA,NA,8,89.94859,1532
j,3,2,NA,NA,8,89.94859,1499
j,3,2,NA,NA,8,89.94859,1438
j,3,2,NA,NA,8,89.94859,1487
j,3,2,NA,NA,8,89.94859,1527
j,3,2,NA,NA,8,89.94859,1427
j,3,2,NA,NA,8,89.94859,1479
j,3,2,NA,NA,8,89.94859,1452
j,9,5,NA,NA,9,89.9492,709
j,9,5,NA,NA,9,89.9492,675
j,9,5,NA,NA,9,89.9492,690
j,9,5,NA,NA,9,89.9492,671
j,9,5,NA,NA,9,89.9492,697
j,9,5,NA,NA,9,89.9492,674
j,9,5,NA,NA,9,89.9492,696
j,9,5,NA,NA,9,89.9492,664
j,9,5,NA,NA,9,89.9492,756
j,9,5,NA,NA,9,89.9492,713
j,2,20,NA,NA,10,89.94923,191
j,2,20,NA,NA,10,89.94923,233
j,2,20,NA,NA,10,89.94923,193
j,2,20,NA,NA,10,89.94923,189
j,2,20,NA,NA,10,89.94923,194
j,2,20,NA,NA,10,89.94923,214
j,2,20,NA,NA,10,89.94923,183
j,2,20,NA,NA,10,89.94923,210
j,2,20,NA,NA,10,89.94923,185
j,2,20,NA,NA,10,89.94923,203
i,4,4,NA,NA,1,85.10765,255
i,4,4,NA,NA,1,85.10765,209
i,4,4,NA,NA,1,85.10765,227
i,4,4,NA,NA,1,85.10765,215
i,4,4,NA,NA,1,85.10765,239
i,4,4,NA,NA,1,85.10765,246
i,4,4,NA,NA,1,85.10765,206
i,4,4,NA,NA,1,85.10765,233
i,4,4,NA,NA,1,85.10765,234
i,4,4,NA,NA,1,85.10765,253
i,7,6,NA,NA,2,85.50767,152
i,7,6,NA,NA,2,85.50767,166
i,7,6,NA,NA,2,85.50767,143
i,7,6,NA,NA,2,85.50767,152
i,7,6,NA,NA,2,85.50767,145
i,7,6,NA,NA,2,85.50767,128
i,7,6,NA,NA,2,85.50767,131
i,7,6,NA,NA,2,85.50767,147
i,7,6,NA,NA,2,85.50767,164
i,7,6,NA,NA,2,85.50767,143
i,8,6,NA,NA,3,85.50762,146
i,8,6,NA,NA,3,85.50762,133
i,8,6,NA,NA,3,85.50762,141
i,8,6,NA,NA,3,85.50762,150
i,8,6,NA,NA,3,85.50762,129
i,8,6,NA,NA,3,85.50762,138
i,8,6,NA,NA,3,85.50762,153
i,8,6,NA,NA,3,85.50762,159
i,8,6,NA,NA,3,85.50762,160
i,8,6,NA,NA,3,85.50762,146
i,5,4,NA,NA,4,85.50679,239
i,5,4,NA,NA,4,85.50679,231
i,5,4,NA,NA,4,85.50679,251
i,5,4,NA,NA,4,85.50679,243
i,5,4,NA,NA,4,85.50679,231
i,5,4,NA,NA,4,85.50679,251
i,5,4,NA,NA,4,85.50679,270
i,5,4,NA,NA,4,85.50679,265
i,5,4,NA,NA,4,85.50679,256
i,5,4,NA,NA,4,85.50679,247
i,7,1,NA,NA,5,85.50759,175
i,7,1,NA,NA,5,85.50759,191
i,7,1,NA,NA,5,85.50759,206
i,7,1,NA,NA,5,85.50759,199
i,7,1,NA,NA,5,85.50759,202
i,7,1,NA,NA,5,85.50759,205
i,7,1,NA,NA,5,85.50759,205
i,7,1,NA,NA,5,85.50759,199
i,7,1,NA,NA,5,85.50759,198
i,7,1,NA,NA,5,85.50759,206
i,17,5,NA,NA,6,85.50763,96
i,17,5,NA,NA,6,85.50763,88
i,17,5,NA,NA,6,85.50763,86
i,17,5,NA,NA,6,85.50763,85
i,17,5,NA,NA,6,85.50763,90
i,17,5,NA,NA,6,85.50763,101
i,17,5,NA,NA,6,85.50763,101
i,17,5,NA,NA,6,85.50763,105
i,17,5,NA,NA,6,85.50763,96
i,17,5,NA,NA,6,85.50763,90
i,2,1,NA,NA,7,85.50762,834
i,2,1,NA,NA,7,85.50762,859
i,2,1,NA,NA,7,85.50762,833
i,2,1,NA,NA,7,85.50762,861
i,2,1,NA,NA,7,85.50762,860
i,2,1,NA,NA,7,85.50762,887
i,2,1,NA,NA,7,85.50762,846
i,2,1,NA,NA,7,85.50762,872
i,2,1,NA,NA,7,85.50762,845
i,2,1,NA,NA,7,85.50762,892
i,1,1,NA,NA,8,85.50762,1897
i,1,1,NA,NA,8,85.50762,1845
i,1,1,NA,NA,8,85.50762,1891
i,1,1,NA,NA,8,85.50762,1962
i,1,1,NA,NA,8,85.50762,1921
i,1,1,NA,NA,8,85.50762,1891
i,1,1,NA,NA,8,85.50762,1914
i,1,1,NA,NA,8,85.50762,1951
i,1,1,NA,NA,8,85.50762,1866
i,1,1,NA,NA,8,85.50762,1790
i,16,10,NA,NA,9,85.50747,137
i,16,10,NA,NA,9,85.50747,148
i,16,10,NA,NA,9,85.50747,123
i,16,10,NA,NA,9,85.50747,143
i,16,10,NA,NA,9,85.50747,117
i,16,10,NA,NA,9,85.50747,141
i,16,10,NA,NA,9,85.50747,142
i,16,10,NA,NA,9,85.50747,137
i,16,10,NA,NA,9,85.50747,142
i,16,10,NA,NA,9,85.50747,128
i,3,10,NA,NA,10,85.50737,797
i,3,10,NA,NA,10,85.50737,761
i,3,10,NA,NA,10,85.50737,785
i,3,10,NA,NA,10,85.50737,742
i,3,10,NA,NA,10,85.50737,748
i,3,10,NA,NA,10,85.50737,775
i,3,10,NA,NA,10,85.50737,755
i,3,10,NA,NA,10,85.50737,743
i,3,10,NA,NA,10,85.50737,763
i,3,10,NA,NA,10,85.50737,852
j,5,2,NA,NA,1,88.34948,494
j,5,2,NA,NA,1,88.34948,555
j,5,2,NA,NA,1,88.34948,503
j,5,2,NA,NA,1,88.34948,544
j,5,2,NA,NA,1,88.34948,534
j,5,2,NA,NA,1,88.34948,534
j,5,2,NA,NA,1,88.34948,526
j,5,2,NA,NA,1,88.34948,498
j,5,2,NA,NA,1,88.34948,553
j,5,2,NA,NA,1,88.34948,543
j,14,10,NA,NA,2,89.94918,113
j,14,10,NA,NA,2,89.94918,111
j,14,10,NA,NA,2,89.94918,120
j,14,10,NA,NA,2,89.94918,120
j,14,10,NA,NA,2,89.94918,126
j,14,10,NA,NA,2,89.94918,135
j,14,10,NA,NA,2,89.94918,114
j,14,10,NA,NA,2,89.94918,101
j,14,10,NA,NA,2,89.94918,130
j,14,10,NA,NA,2,89.94918,120
j,9,8,NA,NA,3,89.94901,169
j,9,8,NA,NA,3,89.94901,169
j,9,8,NA,NA,3,89.94901,178
j,9,8,NA,NA,3,89.94901,168
j,9,8,NA,NA,3,89.94901,168
j,9,8,NA,NA,3,89.94901,157
j,9,8,NA,NA,3,89.94901,157
j,9,8,NA,NA,3,89.94901,206
j,9,8,NA,NA,3,89.94901,171
j,9,8,NA,NA,3,89.94901,182
j,3,8,NA,NA,4,89.94936,170
j,3,8,NA,NA,4,89.94936,216
j,3,8,NA,NA,4,89.94936,230
j,3,8,NA,NA,4,89.94936,204
j,3,8,NA,NA,4,89.94936,177
j,3,8,NA,NA,4,89.94936,230
j,3,8,NA,NA,4,89.94936,208
j,3,8,NA,NA,4,89.94936,231
j,3,8,NA,NA,4,89.94936,219
j,3,8,NA,NA,4,89.94936,185
j,15,2,NA,NA,5,89.94916,953
j,15,2,NA,NA,5,89.94916,931
j,15,2,NA,NA,5,89.94916,908
j,15,2,NA,NA,5,89.94916,922
j,15,2,NA,NA,5,89.94916,939
j,15,2,NA,NA,5,89.94916,955
j,15,2,NA,NA,5,89.94916,1018
j,15,2,NA,NA,5,89.94916,954
j,15,2,NA,NA,5,89.94916,992
j,15,2,NA,NA,5,89.94916,993
j,12,3,NA,NA,6,89.94925,728
j,12,3,NA,NA,6,89.94925,709
j,12,3,NA,NA,6,89.94925,758
j,12,3,NA,NA,6,89.94925,695
j,12,3,NA,NA,6,89.94925,747
j,12,3,NA,NA,6,89.94925,740
j,12,3,NA,NA,6,89.94925,687
j,12,3,NA,NA,6,89.94925,752
j,12,3,NA,NA,6,89.94925,777
j,12,3,NA,NA,6,89.94925,764
j,2,5,NA,NA,7,89.95178,482
j,2,5,NA,NA,7,89.95178,541
j,2,5,NA,NA,7,89.95178,492
j,2,5,NA,NA,7,89.95178,484
j,2,5,NA,NA,7,89.95178,531
j,2,5,NA,NA,7,89.95178,490
j,2,5,NA,NA,7,89.95178,506
j,2,5,NA,NA,7,89.95178,516
j,2,5,NA,NA,7,89.95178,529
j,2,5,NA,NA,7,89.95178,529
j,7,13,NA,NA,8,89.94938,245
j,7,13,NA,NA,8,89.94938,222
j,7,13,NA,NA,8,89.94938,206
j,7,13,NA,NA,8,89.94938,233
j,7,13,NA,NA,8,89.94938,236
j,7,13,NA,NA,8,89.94938,271
j,7,13,NA,NA,8,89.94938,226
j,7,13,NA,NA,8,89.94938,182
j,7,13,NA,NA,8,89.94938,236
j,7,13,NA,NA,8,89.94938,240
j,14,3,NA,NA,9,89.94938,1133
j,14,3,NA,NA,9,89.94938,1158
j,14,3,NA,NA,9,89.94938,1101
j,14,3,NA,NA,9,89.94938,1158
j,14,3,NA,NA,9,89.94938,1194
j,14,3,NA,NA,9,89.94938,1148
j,14,3,NA,NA,9,89.94938,1153
j,14,3,NA,NA,9,89.94938,1129
j,14,3,NA,NA,9,89.94938,1165
j,14,3,NA,NA,9,89.94938,1159
j,1,1,NA,NA,10,89.94928,4051
j,1,1,NA,NA,10,89.94928,4078
j,1,1,NA,NA,10,89.94928,4015
j,1,1,NA,NA,10,89.94928,4005
j,1,1,NA,NA,10,89.94928,3979
j,1,1,NA,NA,10,89.94928,3991
j,1,1,NA,NA,10,89.94928,3978
j,1,1,NA,NA,10,89.94928,4138
j,1,1,NA,NA,10,89.94928,4062
j,1,1,NA,NA,10,89.94928,3956
i,3,0,NA,NA,1,98.19201,360
i,3,0,NA,NA,1,98.19201,398
i,3,0,NA,NA,1,98.19201,361
i,3,0,NA,NA,1,98.19201,363
i,3,0,NA,NA,1,98.19201,351
i,3,0,NA,NA,1,98.19201,367
i,3,0,NA,NA,1,98.19201,344
i,3,0,NA,NA,1,98.19201,374
i,3,0,NA,NA,1,98.19201,374
i,3,0,NA,NA,1,98.19201,355
i,4,7,NA,NA,2,85.50743,270
i,4,7,NA,NA,2,85.50743,253
i,4,7,NA,NA,2,85.50743,252
i,4,7,NA,NA,2,85.50743,249
i,4,7,NA,NA,2,85.50743,238
i,4,7,NA,NA,2,85.50743,258
i,4,7,NA,NA,2,85.50743,285
i,4,7,NA,NA,2,85.50743,268
i,4,7,NA,NA,2,85.50743,281
i,4,7,NA,NA,2,85.50743,254
i,10,9,NA,NA,3,85.50762,113
i,10,9,NA,NA,3,85.50762,105
i,10,9,NA,NA,3,85.50762,107
i,10,9,NA,NA,3,85.50762,120
i,10,9,NA,NA,3,85.50762,107
i,10,9,NA,NA,3,85.50762,129
i,10,9,NA,NA,3,85.50762,123
i,10,9,NA,NA,3,85.50762,126
i,10,9,NA,NA,3,85.50762,128
i,10,9,NA,NA,3,85.50762,116
i,3,5,NA,NA,4,85.50775,424
i,3,5,NA,NA,4,85.50775,441
i,3,5,NA,NA,4,85.50775,386
i,3,5,NA,NA,4,85.50775,408
i,3,5,NA,NA,4,85.50775,418
i,3,5,NA,NA,4,85.50775,421
i,3,5,NA,NA,4,85.50775,427
i,3,5,NA,NA,4,85.50775,434
i,3,5,NA,NA,4,85.50775,434
i,3,5,NA,NA,4,85.50775,443
i,3,1,NA,NA,5,85.50759,440
i,3,1,NA,NA,5,85.50759,436
i,3,1,NA,NA,5,85.50759,457
i,3,1,NA,NA,5,85.50759,415
i,3,1,NA,NA,5,85.50759,459
i,3,1,NA,NA,5,85.50759,480
i,3,1,NA,NA,5,85.50759,446
i,3,1,NA,NA,5,85.50759,490
i,3,1,NA,NA,5,85.50759,443
i,3,1,NA,NA,5,85.50759,486
i,9,0,NA,NA,6,98.99997,200
i,9,0,NA,NA,6,98.99997,204
i,9,0,NA,NA,6,98.99997,221
i,9,0,NA,NA,6,98.99997,176
i,9,0,NA,NA,6,98.99997,209
i,9,0,NA,NA,6,98.99997,180
i,9,0,NA,NA,6,98.99997,206
i,9,0,NA,NA,6,98.99997,194
i,9,0,NA,NA,6,98.99997,213
i,9,0,NA,NA,6,98.99997,218
i,10,8,NA,NA,7,85.50748,186
i,10,8,NA,NA,7,85.50748,151
i,10,8,NA,NA,7,85.50748,186
i,10,8,NA,NA,7,85.50748,166
i,10,8,NA,NA,7,85.50748,174
i,10,8,NA,NA,7,85.50748,176
i,10,8,NA,NA,7,85.50748,128
i,10,8,NA,NA,7,85.50748,178
i,10,8,NA,NA,7,85.50748,171
i,10,8,NA,NA,7,85.50748,191
i,1,3,NA,NA,8,85.5076,1940
i,1,3,NA,NA,8,85.5076,1914
i,1,3,NA,NA,8,85.5076,1886
i,1,3,NA,NA,8,85.5076,1906
i,1,3,NA,NA,8,85.5076,1814
i,1,3,NA,NA,8,85.5076,1845
i,1,3,NA,NA,8,85.5076,1917
i,1,3,NA,NA,8,85.5076,1949
i,1,3,NA,NA,8,85.5076,1941
i,1,3,NA,NA,8,85.5076,1902
i,0,8,NA,NA,9,0,NA
i,0,8,NA,NA,9,0,NA
i,0,8,NA,NA,9,0,NA
i,0,8,NA,NA,9,0,NA
i,0,8,NA,NA,9,0,NA
i,0,8,NA,NA,9,0,NA
i,0,8,NA,NA,9,0,NA
i,0,8,NA,NA,9,0,NA
i,0,8,NA,NA,9,0,NA
i,0,8,NA,NA,9,0,NA
i,8,11,NA,NA,10,85.50759,292
i,8,11,NA,NA,10,85.50759,287
i,8,11,NA,NA,10,85.50759,289
i,8,11,NA,NA,10,85.50759,278
i,8,11,NA,NA,10,85.50759,271
i,8,11,NA,NA,10,85.50759,285
i,8,11,NA,NA,10,85.50759,282
i,8,11,NA,NA,10,85.50759,304
i,8,11,NA,NA,10,85.50759,297
i,8,11,NA,NA,10,85.50759,307
j,2,9,NA,NA,1,90.29203,115
j,2,9,NA,NA,1,90.29203,123
j,2,9,NA,NA,1,90.29203,95
j,2,9,NA,NA,1,90.29203,123
j,2,9,NA,NA,1,90.29203,120
j,2,9,NA,NA,1,90.29203,124
j,2,9,NA,NA,1,90.29203,134
j,2,9,NA,NA,1,90.29203,120
j,2,9,NA,NA,1,90.29203,107
j,2,9,NA,NA,1,90.29203,108
j,3,11,NA,NA,2,89.94951,117
j,3,11,NA,NA,2,89.94951,126
j,3,11,NA,NA,2,89.94951,100
j,3,11,NA,NA,2,89.94951,108
j,3,11,NA,NA,2,89.94951,116
j,3,11,NA,NA,2,89.94951,119
j,3,11,NA,NA,2,89.94951,110
j,3,11,NA,NA,2,89.94951,135
j,3,11,NA,NA,2,89.94951,108
j,3,11,NA,NA,2,89.94951,108
j,2,10,NA,NA,3,89.94924,131
j,2,10,NA,NA,3,89.94924,130
j,2,10,NA,NA,3,89.94924,138
j,2,10,NA,NA,3,89.94924,152
j,2,10,NA,NA,3,89.94924,139
j,2,10,NA,NA,3,89.94924,153
j,2,10,NA,NA,3,89.94924,136
j,2,10,NA,NA,3,89.94924,112
j,2,10,NA,NA,3,89.94924,137
j,2,10,NA,NA,3,89.94924,131
j,4,0,NA,NA,4,0,NA
j,4,0,NA,NA,4,0,NA
j,4,0,NA,NA,4,0,NA
j,4,0,NA,NA,4,0,NA
j,4,0,NA,NA,4,0,NA
j,4,0,NA,NA,4,0,NA
j,4,0,NA,NA,4,0,NA
j,4,0,NA,NA,4,0,NA
j,4,0,NA,NA,4,0,NA
j,4,0,NA,NA,4,0,NA
j,9,2,NA,NA,5,89.9492,879
j,9,2,NA,NA,5,89.9492,996
j,9,2,NA,NA,5,89.9492,916
j,9,2,NA,NA,5,89.9492,932
j,9,2,NA,NA,5,89.9492,968
j,9,2,NA,NA,5,89.9492,958
j,9,2,NA,NA,5,89.9492,968
j,9,2,NA,NA,5,89.9492,921
j,9,2,NA,NA,5,89.9492,959
j,9,2,NA,NA,5,89.9492,887
j,6,5,NA,NA,6,89.94924,441
j,6,5,NA,NA,6,89.94924,474
j,6,5,NA,NA,6,89.94924,454
j,6,5,NA,NA,6,89.94924,465
j,6,5,NA,NA,6,89.94924,433
j,6,5,NA,NA,6,89.94924,417
j,6,5,NA,NA,6,89.94924,429
j,6,5,NA,NA,6,89.94924,449
j,6,5,NA,NA,6,89.94924,452
j,6,5,NA,NA,6,89.94924,458
j,6,1,NA,NA,7,89.94924,2491
j,6,1,NA,NA,7,89.94924,2532
j,6,1,NA,NA,7,89.94924,2559
j,6,1,NA,NA,7,89.94924,2522
j,6,1,NA,NA,7,89.94924,2537
j,6,1,NA,NA,7,89.94924,2627
j,6,1,NA,NA,7,89.94924,2581
j,6,1,NA,NA,7,89.94924,2549
j,6,1,NA,NA,7,89.94924,2529
j,6,1,NA,NA,7,89.94924,2532
j,1,2,NA,NA,8,89.94695,1527
j,1,2,NA,NA,8,89.94695,1524
j,1,2,NA,NA,8,89.94695,1467
j,1,2,NA,NA,8,89.94695,1550
j,1,2,NA,NA,8,89.94695,1456
j,1,2,NA,NA,8,89.94695,1433
j,1,2,NA,NA,8,89.94695,1502
j,1,2,NA,NA,8,89.94695,1443
j,1,2,NA,NA,8,89.94695,1509
j,1,2,NA,NA,8,89.94695,1524
j,4,2,NA,NA,9,89.94918,1726
j,4,2,NA,NA,9,89.94918,1683
j,4,2,NA,NA,9,89.94918,1814
j,4,2,NA,NA,9,89.94918,1708
j,4,2,NA,NA,9,89.94918,1751
j,4,2,NA,NA,9,89.94918,1711
j,4,2,NA,NA,9,89.94918,1763
j,4,2,NA,NA,9,89.94918,1671
j,4,2,NA,NA,9,89.94918,1787
j,4,2,NA,NA,9,89.94918,1802
j,7,3,NA,NA,10,89.94936,1322
j,7,3,NA,NA,10,89.94936,1378
j,7,3,NA,NA,10,89.94936,1277
j,7,3,NA,NA,10,89.94936,1352
j,7,3,NA,NA,10,89.94936,1354
j,7,3,NA,NA,10,89.94936,1359
j,7,3,NA,NA,10,89.94936,1370
j,7,3,NA,NA,10,89.94936,1367
j,7,3,NA,NA,10,89.94936,1442
j,7,3,NA,NA,10,89.94936,1348
i,5,4,NA,NA,1,85.32186,195
i,5,4,NA,NA,1,85.32186,202
i,5,4,NA,NA,1,85.32186,178
i,5,4,NA,NA,1,85.32186,190
i,5,4,NA,NA,1,85.32186,202
i,5,4,NA,NA,1,85.32186,191
i,5,4,NA,NA,1,85.32186,189
i,5,4,NA,NA,1,85.32186,186
i,5,4,NA,NA,1,85.32186,185
i,5,4,NA,NA,1,85.32186,193
i,10,1,NA,NA,2,85.509,107
i,10,1,NA,NA,2,85.509,103
i,10,1,NA,NA,2,85.509,115
i,10,1,NA,NA,2,85.509,109
i,10,1,NA,NA,2,85.509,96
i,10,1,NA,NA,2,85.509,97
i,10,1,NA,NA,2,85.509,104
i,10,1,NA,NA,2,85.509,100
i,10,1,NA,NA,2,85.509,93
i,10,1,NA,NA,2,85.509,91
i,9,3,NA,NA,3,85.50752,150
i,9,3,NA,NA,3,85.50752,132
i,9,3,NA,NA,3,85.50752,137
i,9,3,NA,NA,3,85.50752,146
i,9,3,NA,NA,3,85.50752,124
i,9,3,NA,NA,3,85.50752,123
i,9,3,NA,NA,3,85.50752,148
i,9,3,NA,NA,3,85.50752,154
i,9,3,NA,NA,3,85.50752,133
i,9,3,NA,NA,3,85.50752,123
i,1,4,NA,NA,4,85.50762,1276
i,1,4,NA,NA,4,85.50762,1267
i,1,4,NA,NA,4,85.50762,1281
i,1,4,NA,NA,4,85.50762,1252
i,1,4,NA,NA,4,85.50762,1246
i,1,4,NA,NA,4,85.50762,1208
i,1,4,NA,NA,4,85.50762,1284
i,1,4,NA,NA,4,85.50762,1306
i,1,4,NA,NA,4,85.50762,1261
i,1,4,NA,NA,4,85.50762,1302
i,7,4,NA,NA,5,85.50761,202
i,7,4,NA,NA,5,85.50761,201
i,7,4,NA,NA,5,85.50761,231
i,7,4,NA,NA,5,85.50761,214
i,7,4,NA,NA,5,85.50761,182
i,7,4,NA,NA,5,85.50761,191
i,7,4,NA,NA,5,85.50761,222
i,7,4,NA,NA,5,85.50761,164
i,7,4,NA,NA,5,85.50761,184
i,7,4,NA,NA,5,85.50761,200
i,1,3,NA,NA,6,85.5076,1614
i,1,3,NA,NA,6,85.5076,1520
i,1,3,NA,NA,6,85.5076,1585
i,1,3,NA,NA,6,85.5076,1562
i,1,3,NA,NA,6,85.5076,1616
i,1,3,NA,NA,6,85.5076,1580
i,1,3,NA,NA,6,85.5076,1585
i,1,3,NA,NA,6,85.5076,1580
i,1,3,NA,NA,6,85.5076,1591
i,1,3,NA,NA,6,85.5076,1497
i,6,1,NA,NA,7,85.50762,262
i,6,1,NA,NA,7,85.50762,297
i,6,1,NA,NA,7,85.50762,290
i,6,1,NA,NA,7,85.50762,291
i,6,1,NA,NA,7,85.50762,296
i,6,1,NA,NA,7,85.50762,282
i,6,1,NA,NA,7,85.50762,282
i,6,1,NA,NA,7,85.50762,264
i,6,1,NA,NA,7,85.50762,258
i,6,1,NA,NA,7,85.50762,275
i,5,5,NA,NA,8,85.5075,402
i,5,5,NA,NA,8,85.5075,351
i,5,5,NA,NA,8,85.5075,407
i,5,5,NA,NA,8,85.5075,398
i,5,5,NA,NA,8,85.5075,436
i,5,5,NA,NA,8,85.5075,367
i,5,5,NA,NA,8,85.5075,381
i,5,5,NA,NA,8,85.5075,395
i,5,5,NA,NA,8,85.5075,367
i,5,5,NA,NA,8,85.5075,393
i,7,0,NA,NA,9,98.99999,345
i,7,0,NA,NA,9,98.99999,341
i,7,0,NA,NA,9,98.99999,342
i,7,0,NA,NA,9,98.99999,369
i,7,0,NA,NA,9,98.99999,313
i,7,0,NA,NA,9,98.99999,380
i,7,0,NA,NA,9,98.99999,341
i,7,0,NA,NA,9,98.99999,340
i,7,0,NA,NA,9,98.99999,337
i,7,0,NA,NA,9,98.99999,301
i,3,4,NA,NA,10,85.50751,776
i,3,4,NA,NA,10,85.50751,744
i,3,4,NA,NA,10,85.50751,757
i,3,4,NA,NA,10,85.50751,790
i,3,4,NA,NA,10,85.50751,703
i,3,4,NA,NA,10,85.50751,735
i,3,4,NA,NA,10,85.50751,768
i,3,4,NA,NA,10,85.50751,768
i,3,4,NA,NA,10,85.50751,755
i,3,4,NA,NA,10,85.50751,764
j,1,11,NA,NA,1,90.90446,99
j,1,11,NA,NA,1,90.90446,106
j,1,11,NA,NA,1,90.90446,106
j,1,11,NA,NA,1,90.90446,105
j,1,11,NA,NA,1,90.90446,100
j,1,11,NA,NA,1,90.90446,88
j,1,11,NA,NA,1,90.90446,105
j,1,11,NA,NA,1,90.90446,111
j,1,11,NA,NA,1,90.90446,87
j,1,11,NA,NA,1,90.90446,85
j,3,2,NA,NA,2,89.94897,618
j,3,2,NA,NA,2,89.94897,651
j,3,2,NA,NA,2,89.94897,581
j,3,2,NA,NA,2,89.94897,613
j,3,2,NA,NA,2,89.94897,614
j,3,2,NA,NA,2,89.94897,625
j,3,2,NA,NA,2,89.94897,559
j,3,2,NA,NA,2,89.94897,623
j,3,2,NA,NA,2,89.94897,597
j,3,2,NA,NA,2,89.94897,575
j,4,5,NA,NA,3,89.94918,271
j,4,5,NA,NA,3,89.94918,268
j,4,5,NA,NA,3,89.94918,304
j,4,5,NA,NA,3,89.94918,295
j,4,5,NA,NA,3,89.94918,289
j,4,5,NA,NA,3,89.94918,273
j,4,5,NA,NA,3,89.94918,286
j,4,5,NA,NA,3,89.94918,249
j,4,5,NA,NA,3,89.94918,322
j,4,5,NA,NA,3,89.94918,300
j,8,5,NA,NA,4,89.94968,325
j,8,5,NA,NA,4,89.94968,323
j,8,5,NA,NA,4,89.94968,329
j,8,5,NA,NA,4,89.94968,358
j,8,5,NA,NA,4,89.94968,329
j,8,5,NA,NA,4,89.94968,345
j,8,5,NA,NA,4,89.94968,311
j,8,5,NA,NA,4,89.94968,344
j,8,5,NA,NA,4,89.94968,338
j,8,5,NA,NA,4,89.94968,293
j,6,10,NA,NA,5,89.95546,186
j,6,10,NA,NA,5,89.95546,187
j,6,10,NA,NA,5,89.95546,183
j,6,10,NA,NA,5,89.95546,197
j,6,10,NA,NA,5,89.95546,195
j,6,10,NA,NA,5,89.95546,172
j,6,10,NA,NA,5,89.95546,199
j,6,10,NA,NA,5,89.95546,178
j,6,10,NA,NA,5,89.95546,225
j,6,10,NA,NA,5,89.95546,183
j,7,15,NA,NA,6,89.94924,157
j,7,15,NA,NA,6,89.94924,159
j,7,15,NA,NA,6,89.94924,128
j,7,15,NA,NA,6,89.94924,164
j,7,15,NA,NA,6,89.94924,143
j,7,15,NA,NA,6,89.94924,132
j,7,15,NA,NA,6,89.94924,131
j,7,15,NA,NA,6,89.94924,166
j,7,15,NA,NA,6,89.94924,164
j,7,15,NA,NA,6,89.94924,152
j,3,16,NA,NA,7,89.94949,158
j,3,16,NA,NA,7,89.94949,141
j,3,16,NA,NA,7,89.94949,162
j,3,16,NA,NA,7,89.94949,174
j,3,16,NA,NA,7,89.94949,154
j,3,16,NA,NA,7,89.94949,154
j,3,16,NA,NA,7,89.94949,161
j,3,16,NA,NA,7,89.94949,171
j,3,16,NA,NA,7,89.94949,160
j,3,16,NA,NA,7,89.94949,168
j,14,3,NA,NA,8,89.94937,1005
j,14,3,NA,NA,8,89.94937,930
j,14,3,NA,NA,8,89.94937,1029
j,14,3,NA,NA,8,89.94937,1018
j,14,3,NA,NA,8,89.94937,941
j,14,3,NA,NA,8,89.94937,963
j,14,3,NA,NA,8,89.94937,1012
j,14,3,NA,NA,8,89.94937,980
j,14,3,NA,NA,8,89.94937,1007
j,14,3,NA,NA,8,89.94937,942
j,9,9,NA,NA,9,89.94891,363
j,9,9,NA,NA,9,89.94891,405
j,9,9,NA,NA,9,89.94891,386
j,9,9,NA,NA,9,89.94891,381
j,9,9,NA,NA,9,89.94891,381
j,9,9,NA,NA,9,89.94891,396
j,9,9,NA,NA,9,89.94891,437
j,9,9,NA,NA,9,89.94891,429
j,9,9,NA,NA,9,89.94891,353
j,9,9,NA,NA,9,89.94891,400
j,3,4,NA,NA,10,89.94913,1013
j,3,4,NA,NA,10,89.94913,1014
j,3,4,NA,NA,10,89.94913,1006
j,3,4,NA,NA,10,89.94913,989
j,3,4,NA,NA,10,89.94913,969
j,3,4,NA,NA,10,89.94913,1054
j,3,4,NA,NA,10,89.94913,1069
j,3,4,NA,NA,10,89.94913,1005
j,3,4,NA,NA,10,89.94913,992
j,3,4,NA,NA,10,89.94913,1038
